inning,over,total_runs,player_dismissed,innings_wickets,innings_score,score_target,remaining_target,run_rate,required_run_rate,runrate_diff,is_batting_team,is_toss_winner,team1,team2
1,17,3,1,5,144,176,32,8.470588235294118,10.666666666666666,-2.1960784313725483,1,1,CSK,RR
1,18,13,0,5,157,176,19,8.722222222222221,9.5,-0.7777777777777786,1,1,CSK,RR
1,19,10,1,6,167,176,9,8.789473684210526,9.0,-0.2105263157894743,1,1,CSK,RR
1,20,8,2,8,175,176,1,8.75,99.0,-90.25,1,1,CSK,RR
