,Team1,match_id,is_batting_team,Team2,innings_over,innings_score,innings_wickets,score_target,total_runs,player_dismissed,predictions,run_rate,wickets_in_over,required_run_rate,predicted_team1,predicted_team2
0,RR,1359522,1,GT,1_1,2,0,-1,2,0,0.4649202,2.0,0,-1,0.4649202,0.53507984
1,RR,1359522,1,GT,1_2,12,1,-1,10,1,0.42270622,6.0,1,-1,0.42270622,0.57729375
2,RR,1359522,1,GT,1_3,25,1,-1,13,0,0.4891359,8.333333333333334,0,-1,0.4891359,0.51086414
3,RR,1359522,1,GT,1_4,38,1,-1,13,0,0.4812452,9.5,0,-1,0.4812452,0.51875484
4,RR,1359522,1,GT,1_5,47,1,-1,9,0,0.48963735,9.4,0,-1,0.48963735,0.5103626
5,RR,1359522,1,GT,1_6,50,2,-1,3,1,0.48246992,8.333333333333334,1,-1,0.48246992,0.5175301
6,RR,1359522,1,GT,1_7,61,3,-1,11,1,0.48031735,8.714285714285714,1,-1,0.48031735,0.51968265
7,RR,1359522,1,GT,1_8,63,4,-1,2,1,0.37347627,7.875,1,-1,0.37347627,0.62652373
8,RR,1359522,1,GT,1_9,67,4,-1,4,0,0.34217426,7.444444444444445,0,-1,0.34217426,0.6578257
