,Team1,match_id,is_batting_team,Team2,innings_over,innings_score,innings_wickets,score_target,total_runs,player_dismissed,predictions,run_rate,wickets_in_over,required_run_rate,predicted_team1,predicted_team2
0,LSG,1359537,1,MI,1_1,3,0,-1,3,0,0.4589191,3.0,0,-1,0.4589191,0.5410809
1,LSG,1359537,1,MI,1_2,12,0,-1,9,0,0.46888784,6.0,0,-1,0.46888784,0.5311122
2,LSG,1359537,1,MI,1_3,17,2,-1,5,2,0.3230315,5.666666666666667,2,-1,0.3230315,0.67696846
3,LSG,1359537,1,MI,1_4,23,2,-1,6,0,0.36339867,5.75,0,-1,0.36339867,0.6366013
4,LSG,1359537,1,MI,1_5,32,2,-1,9,0,0.4022477,6.4,0,-1,0.4022477,0.59775233
