,Team1,match_id,is_batting_team,Team2,innings_over,innings_score,innings_wickets,score_target,total_runs,player_dismissed,predictions,run_rate,wickets_in_over,required_run_rate,predicted_team1,predicted_team2
0,KKR,1359530,1,RR,1_1,6,0,-1,6,0,0.4439756,6.0,0,-1,0.4439756,0.55602443
1,KKR,1359530,1,RR,1_2,10,0,-1,4,0,0.42813978,5.0,0,-1,0.42813978,0.5718602
2,KKR,1359530,1,RR,1_3,14,1,-1,4,1,0.36552846,4.666666666666667,1,-1,0.36552846,0.63447154
3,KKR,1359530,1,RR,1_4,29,1,-1,15,0,0.44496304,7.25,0,-1,0.44496304,0.55503696
4,KKR,1359530,1,RR,1_5,35,2,-1,6,1,0.3831006,7.0,1,-1,0.3831006,0.6168994
5,KKR,1359530,1,RR,1_6,37,2,-1,2,0,0.3847532,6.166666666666667,0,-1,0.3847532,0.6152468
6,KKR,1359530,1,RR,1_7,44,2,-1,7,0,0.40020213,6.285714285714286,0,-1,0.40020213,0.59979784
