,Team1,match_id,is_batting_team,Team2,innings_over,innings_score,innings_wickets,score_target,total_runs,player_dismissed,predictions,run_rate,wickets_in_over,required_run_rate,predicted_team1,predicted_team2
0,PBKS,1359520,1,MI,1_1,9,0,-1,9,0,0.48126397,9.0,0,-1,0.48126397,0.518736
1,PBKS,1359520,1,MI,1_2,17,1,-1,8,1,0.46020785,8.5,1,-1,0.46020785,0.5397922
2,PBKS,1359520,1,MI,1_3,23,1,-1,6,0,0.450011,7.666666666666667,0,-1,0.450011,0.549989
3,PBKS,1359520,1,MI,1_4,35,1,-1,12,0,0.4870017,8.75,0,-1,0.4870017,0.51299834
4,PBKS,1359520,1,MI,1_5,40,1,-1,5,0,0.46925673,8.0,0,-1,0.46925673,0.53074324
5,PBKS,1359520,1,MI,1_6,50,1,-1,10,0,0.5291995,8.333333333333334,0,-1,0.5291995,0.47080052
6,PBKS,1359520,1,MI,1_7,58,1,-1,8,0,0.51729935,8.285714285714286,0,-1,0.51729935,0.48270065
7,PBKS,1359520,1,MI,1_8,65,2,-1,7,1,0.49776673,8.125,1,-1,0.49776673,0.50223327
