,Team1,match_id,is_batting_team,Team2,innings_over,innings_score,innings_wickets,score_target,total_runs,player_dismissed,predictions,run_rate,wickets_in_over,required_run_rate,predicted_team1,predicted_team2
0,CSK,1359535,1,KKR,1_1,9,0,-1,9,0,0.48126397,9.0,0,-1,0.48126397,0.518736
1,CSK,1359535,1,KKR,1_2,17,0,-1,8,0,0.49294809,8.5,0,-1,0.49294809,0.50705194
2,CSK,1359535,1,KKR,1_3,25,0,-1,8,0,0.51539046,8.333333333333334,0,-1,0.51539046,0.48460954
3,CSK,1359535,1,KKR,1_4,37,1,-1,12,1,0.49655443,9.25,1,-1,0.49655443,0.50344557
4,CSK,1359535,1,KKR,1_5,48,1,-1,11,0,0.47010025,9.6,0,-1,0.47010025,0.5298997
5,CSK,1359535,1,KKR,1_6,52,1,-1,4,0,0.475618,8.666666666666666,0,-1,0.475618,0.524382
6,CSK,1359535,1,KKR,1_7,57,1,-1,5,0,0.496649,8.142857142857142,0,-1,0.496649,0.503351
7,CSK,1359535,1,KKR,1_8,61,2,-1,4,1,0.44812864,7.625,1,-1,0.44812864,0.55187136
8,CSK,1359535,1,KKR,1_9,65,2,-1,4,0,0.43547246,7.222222222222222,0,-1,0.43547246,0.5645275
