,Team1,match_id,is_batting_team,Team2,innings_over,innings_score,innings_wickets,score_target,total_runs,player_dismissed,predictions,run_rate,wickets_in_over,required_run_rate,predicted_team1,predicted_team2
0,GT,1359509,1,MI,1_1,4,0,-1,4,0,0.45351264,4.0,0,-1,0.45351264,0.54648733
1,GT,1359509,1,MI,1_2,12,0,-1,8,0,0.44865623,6.0,0,-1,0.44865623,0.5513438
2,GT,1359509,1,MI,1_3,17,1,-1,5,1,0.37776062,5.666666666666667,1,-1,0.37776062,0.62223935
3,GT,1359509,1,MI,1_4,23,1,-1,6,0,0.42317405,5.75,0,-1,0.42317405,0.576826
4,GT,1359509,1,MI,1_5,33,1,-1,10,0,0.46475023,6.6,0,-1,0.46475023,0.53524977
