,Team1,match_id,is_batting_team,Team2,innings_over,innings_score,innings_wickets,score_target,total_runs,player_dismissed,predictions,run_rate,wickets_in_over,required_run_rate,predicted_team1,predicted_team2
0,SRH,1359514,1,DC,1_1,8,0,-1,8,0,0.41974667,8.0,0,-1,0.41974667,0.58025336
1,SRH,1359514,1,DC,1_2,21,0,-1,13,0,0.42078924,10.5,0,-1,0.42078924,0.57921076
2,SRH,1359514,1,DC,1_3,28,1,-1,7,1,0.47945708,9.333333333333334,1,-1,0.47945708,0.5205429
3,SRH,1359514,1,DC,1_4,42,1,-1,14,0,0.4165954,10.5,0,-1,0.4165954,0.5834046
4,SRH,1359514,1,DC,1_5,46,2,-1,4,1,0.46865386,9.2,1,-1,0.46865386,0.53134614
5,SRH,1359514,1,DC,1_6,62,2,-1,16,0,0.51963645,10.333333333333334,0,-1,0.51963645,0.48036355
6,SRH,1359514,1,DC,1_7,71,2,-1,9,0,0.5416685,10.142857142857142,0,-1,0.5416685,0.45833153
