,Team1,match_id,is_batting_team,Team2,innings_over,innings_score,innings_wickets,score_target,total_runs,player_dismissed,predictions,wickets_in_over,required_run_rate,predicted_team1,predicted_team2
0,PBKS,1359492,1,GT,1_1,8,1,-1,8,1,0.39166144,1,-1,0.39166144,0.6083386
1,PBKS,1359492,1,GT,1_2,16,1,-1,8,0,0.45363277,0,-1,0.45363277,0.5463672
2,PBKS,1359492,1,GT,1_3,27,1,-1,11,0,0.4823133,0,-1,0.4823133,0.5176867
3,PBKS,1359492,1,GT,1_4,30,2,-1,3,1,0.36090845,1,-1,0.36090845,0.63909155
4,PBKS,1359492,1,GT,1_5,42,2,-1,12,0,0.48712736,0,-1,0.48712736,0.51287264
5,PBKS,1359492,1,GT,1_6,52,2,-1,10,0,0.5003286,0,-1,0.5003286,0.4996714
6,PBKS,1359492,1,GT,1_7,59,3,-1,7,1,0.47092637,1,-1,0.47092637,0.5290736
7,PBKS,1359492,1,GT,1_8,63,3,-1,4,0,0.441129,0,-1,0.441129,0.55887103
8,PBKS,1359492,1,GT,1_9,71,3,-1,8,0,0.47487456,0,-1,0.47487456,0.52512544
