,Team1,match_id,is_batting_team,Team2,innings_over,innings_score,innings_wickets,score_target,total_runs,player_dismissed,predictions,run_rate,wickets_in_over,required_run_rate,predicted_team1,predicted_team2
0,RCB,1359524,1,DC,1_1,7,0,-1,7,0,0.45208582,7.0,0,-1,0.45208582,0.54791415
1,RCB,1359524,1,DC,1_2,13,0,-1,6,0,0.46486485,6.5,0,-1,0.46486485,0.53513515
2,RCB,1359524,1,DC,1_3,20,0,-1,7,0,0.47407243,6.666666666666667,0,-1,0.47407243,0.52592754
3,RCB,1359524,1,DC,1_4,23,0,-1,3,0,0.4363817,5.75,0,-1,0.4363817,0.5636183
4,RCB,1359524,1,DC,1_5,36,0,-1,13,0,0.49125952,7.2,0,-1,0.49125952,0.5087405
5,RCB,1359524,1,DC,1_6,51,0,-1,15,0,0.54651445,8.5,0,-1,0.54651445,0.45348555
