,Team1,match_id,is_batting_team,Team2,innings_over,innings_score,innings_wickets,score_target,total_runs,player_dismissed,predictions,run_rate,wickets_in_over,required_run_rate,predicted_team1,predicted_team2
0,RR,1359526,1,SRH,1_1,9,0,-1,9,0,0.48126397,9.0,0,-1,0.48126397,0.518736
1,RR,1359526,1,SRH,1_2,26,0,-1,17,0,0.6893866,13.0,0,-1,0.6893866,0.3106134
2,RR,1359526,1,SRH,1_3,34,0,-1,8,0,0.5095831,11.333333333333334,0,-1,0.5095831,0.49041688
3,RR,1359526,1,SRH,1_4,45,0,-1,11,0,0.6113922,11.25,0,-1,0.6113922,0.3886078
4,RR,1359526,1,SRH,1_5,54,1,-1,9,1,0.608077,10.8,1,-1,0.608077,0.391923
5,RR,1359526,1,SRH,1_6,61,1,-1,7,0,0.49028203,10.166666666666666,0,-1,0.49028203,0.50971794
6,RR,1359526,1,SRH,1_7,70,1,-1,9,0,0.53547096,10.0,0,-1,0.53547096,0.46452904
7,RR,1359526,1,SRH,1_8,74,1,-1,4,0,0.5123593,9.25,0,-1,0.5123593,0.48764068
