inning,over,total_runs,player_dismissed,innings_wickets,innings_score,score_target,remaining_target,run_rate,required_run_rate,runrate_diff,is_batting_team,is_toss_winner,team1,team2
2,7,10,0,1,57,190,133,8.142857142857142,10.23076923076923,-2.087912087912088,0,0,RCB,RR
2,8,14,0,1,71,190,119,8.875,9.916666666666666,-1.041666666666666,0,0,RCB,RR
2,9,10,0,1,81,190,109,9.0,9.909090909090908,-0.9090909090909084,0,0,RCB,RR
2,16,8,1,4,129,190,61,8.0625,15.25,-7.1875,0,0,RCB,RR
2,17,16,0,4,145,190,45,8.529411764705882,15.0,-6.470588235294118,0,0,RCB,RR
2,18,12,1,5,157,190,33,8.722222222222221,16.5,-7.777777777777779,0,0,RCB,RR
2,19,13,0,5,170,190,20,8.947368421052632,20.0,-11.052631578947368,0,0,RCB,RR
2,20,12,1,6,182,190,8,9.1,99.0,-89.9,0,0,RCB,RR
