,Team1,match_id,is_batting_team,Team2,innings_over,innings_score,innings_wickets,score_target,total_runs,player_dismissed,predictions,run_rate,wickets_in_over,required_run_rate,predicted_team1,predicted_team2
0,RCB,1359517,1,LSG,1_1,5,0,-1,5,0,0.4289207,5.0,0,-1,0.4289207,0.5710793
1,RCB,1359517,1,LSG,1_2,16,0,-1,11,0,0.51339597,8.0,0,-1,0.51339597,0.48660403
2,RCB,1359517,1,LSG,1_3,20,0,-1,4,0,0.46689692,6.666666666666667,0,-1,0.46689692,0.5331031
3,RCB,1359517,1,LSG,1_4,32,0,-1,12,0,0.5237625,8.0,0,-1,0.5237625,0.47623748
4,RCB,1359517,1,LSG,1_5,37,0,-1,5,0,0.49507686,7.4,0,-1,0.49507686,0.5049231
5,RCB,1359517,1,LSG,1_6,42,0,-1,5,0,0.48432356,7.0,0,-1,0.48432356,0.51567644
