,Team1,match_id,is_batting_team,Team2,innings_over,innings_score,innings_wickets,score_target,total_runs,player_dismissed,predictions,run_rate,wickets_in_over,required_run_rate,predicted_team1,predicted_team2
0,RCB,1359528,1,MI,1_1,3,1,-1,3,1,0.4008387,3.0,1,-1,0.4008387,0.59916127
1,RCB,1359528,1,MI,1_2,12,1,-1,9,0,0.4305417,6.0,0,-1,0.4305417,0.5694583
2,RCB,1359528,1,MI,1_3,20,2,-1,8,1,0.4063892,6.666666666666667,1,-1,0.4063892,0.59361076
3,RCB,1359528,1,MI,1_4,29,2,-1,9,0,0.40448496,7.25,0,-1,0.40448496,0.595515
4,RCB,1359528,1,MI,1_5,45,2,-1,16,0,0.5082871,9.0,0,-1,0.5082871,0.49171293
5,RCB,1359528,1,MI,1_6,56,2,-1,11,0,0.53762543,9.333333333333334,0,-1,0.53762543,0.46237457
6,RCB,1359528,1,MI,1_7,72,2,-1,16,0,0.56163037,10.285714285714286,0,-1,0.56163037,0.43836963
7,RCB,1359528,1,MI,1_8,81,2,-1,9,0,0.6021453,10.125,0,-1,0.6021453,0.3978547
8,RCB,1359528,1,MI,1_9,87,2,-1,6,0,0.5934054,9.666666666666666,0,-1,0.5934054,0.40659457
