,Team1,match_id,is_batting_team,Team2,innings_over,innings_score,innings_wickets,score_target,total_runs,player_dismissed,predictions,run_rate,wickets_in_over,required_run_rate,predicted_team1,predicted_team2
0,DC,1359508,1,SRH,1_1,2,1,-1,2,1,0.3903013,2.0,1,-1,0.3903013,0.6096987
1,DC,1359508,1,SRH,1_2,21,1,-1,19,0,0.3924796,10.5,0,-1,0.3924796,0.6075204
2,DC,1359508,1,SRH,1_3,22,1,-1,1,0,0.415939,7.333333333333333,0,-1,0.415939,0.584061
3,DC,1359508,1,SRH,1_4,35,1,-1,13,0,0.4870017,8.75,0,-1,0.4870017,0.51299834
4,DC,1359508,1,SRH,1_5,41,2,-1,6,1,0.42650157,8.2,1,-1,0.42650157,0.5734984
5,DC,1359508,1,SRH,1_6,49,2,-1,8,0,0.47349048,8.166666666666666,0,-1,0.47349048,0.5265095
6,DC,1359508,1,SRH,1_7,57,2,-1,8,0,0.5023727,8.142857142857142,0,-1,0.5023727,0.49762732
