,Team1,match_id,is_batting_team,Team2,innings_over,innings_score,innings_wickets,score_target,total_runs,player_dismissed,predictions,run_rate,wickets_in_over,required_run_rate,predicted_team1,predicted_team2
0,MI,1370351,1,LSG,1_1,5,0,-1,5,0,0.4289207,5.0,0,-1,0.4289207,0.5710793
1,MI,1370351,1,LSG,1_2,13,0,-1,8,0,0.46466497,6.5,0,-1,0.46466497,0.53533506
2,MI,1370351,1,LSG,1_3,29,0,-1,16,0,0.5462732,9.666666666666666,0,-1,0.5462732,0.45372683
3,MI,1370351,1,LSG,1_4,38,1,-1,9,1,0.47997448,9.5,1,-1,0.47997448,0.5200255
4,MI,1370351,1,LSG,1_5,46,2,-1,8,1,0.48251826,9.2,1,-1,0.48251826,0.51748174
