,Team1,match_id,is_batting_team,Team2,innings_over,innings_score,innings_wickets,score_target,total_runs,player_dismissed,predictions,run_rate,wickets_in_over,required_run_rate,predicted_team1,predicted_team2
0,CSK,1370350,1,GT,1_1,4,0,-1,4,0,0.45351264,4.0,0,-1,0.45351264,0.54648733
1,CSK,1370350,1,GT,1_2,18,0,-1,14,0,0.50889647,9.0,0,-1,0.50889647,0.49110353
2,CSK,1370350,1,GT,1_3,23,0,-1,5,0,0.47831488,7.666666666666667,0,-1,0.47831488,0.5216851
3,CSK,1370350,1,GT,1_4,31,0,-1,8,0,0.46935773,7.75,0,-1,0.46935773,0.5306423
4,CSK,1370350,1,GT,1_5,40,0,-1,9,0,0.5284925,8.0,0,-1,0.5284925,0.4715075
5,CSK,1370350,1,GT,1_6,49,0,-1,9,0,0.5365942,8.166666666666666,0,-1,0.5365942,0.4634058
