,Team1,match_id,is_batting_team,Team2,innings_over,innings_score,innings_wickets,score_target,total_runs,player_dismissed,predictions,run_rate,wickets_in_over,required_run_rate,predicted_team1,predicted_team2
0,GT,1370352,1,MI,1_1,3,0,-1,3,0,0.4589191,3.0,0,-1,0.4589191,0.5410809
1,GT,1370352,1,MI,1_2,13,0,-1,10,0,0.49528006,6.5,0,-1,0.49528006,0.50472
2,GT,1370352,1,MI,1_3,20,0,-1,7,0,0.47407243,6.666666666666667,0,-1,0.47407243,0.52592754
3,GT,1370352,1,MI,1_4,27,0,-1,7,0,0.49013656,6.75,0,-1,0.49013656,0.50986344
4,GT,1370352,1,MI,1_5,38,0,-1,11,0,0.5189948,7.6,0,-1,0.5189948,0.4810052
